{"roc_auc": 0.7706032554699018, "precision": 0.6643258426966292, "recall": 0.35644310474755087, "f1": 0.4639529180971064}